<?xml version = '1.0' encoding = 'UTF-8'?>
<Diagram class="oracle.dbtools.crest.swingui.relational.DPVRelational" name="Relational_1" id="FD53D0C0-0FB4-4FD0-C675-B86C751CD6B1">
<createdBy>lilianatapia</createdBy>
<modifiedBy>lilianatapia</modifiedBy>
<createdTime>2024-09-01 04:56:40 UTC</createdTime>
<autoRoute>false</autoRoute>
<boxInbox>true</boxInbox>
<showLegend>false</showLegend>
<showLabels>false</showLabels>
<showRelAttributes>false</showRelAttributes>
<gridEnabled>false</gridEnabled>
<showGrid>false</showGrid>
<diagramColor>-1</diagramColor>
<display>false</display>
<notation>1</notation>
<objectViews>
<OView class="oracle.dbtools.crest.swingui.relational.TVTable" oid="46976EDE-613B-C1AA-B83D-3BC68D377D52" otype="Table" vid="5AEEEC4E-5E5B-3E81-C9D4-DA2187CD5A56">
<hideElementsInCurrentOnly>false</hideElementsInCurrentOnly>
<bounds x="727" y="94" width="356" height="173"/>
</OView>
<OView class="oracle.dbtools.crest.swingui.relational.TVTable" oid="78C5698D-EE97-D9AD-9984-926EACA19198" otype="Table" vid="CB231603-FE6B-1D67-CEB1-90367C9F3C98">
<hideElementsInCurrentOnly>false</hideElementsInCurrentOnly>
<bounds x="26" y="20" width="253" height="148"/>
</OView>
<OView class="oracle.dbtools.crest.swingui.relational.TVTable" oid="8F3E5205-62AD-8EF8-DDBB-DC91D6567644" otype="Table" vid="C64A5540-FC31-122D-5A71-20C2F139A2AD">
<hideElementsInCurrentOnly>false</hideElementsInCurrentOnly>
<bounds x="564" y="384" width="230" height="146"/>
</OView>
<OView class="oracle.dbtools.crest.swingui.relational.TVTable" oid="A47F3BF7-0925-4982-E4BD-6B341EDEBE78" otype="Table" vid="C0881642-EAF7-8C11-004C-15BAD03FA84F">
<hideElementsInCurrentOnly>false</hideElementsInCurrentOnly>
<bounds x="17" y="233" width="243" height="162"/>
</OView>
<OView class="oracle.dbtools.crest.swingui.relational.TVTable" oid="B64DDCAE-334D-03AA-3D8C-E229650CEC6C" otype="Table" vid="B9FA3DDF-A7D7-10ED-AC03-26CB1EBFFB1D">
<hideElementsInCurrentOnly>false</hideElementsInCurrentOnly>
<bounds x="1151" y="77" width="254" height="129"/>
</OView>
<OView class="oracle.dbtools.crest.swingui.relational.TVTable" oid="DBE14B56-EA64-663B-330C-218AB4995206" otype="Table" vid="6C3199A1-3AF3-6BD8-2A74-9CE5E6B65C8D">
<hideElementsInCurrentOnly>false</hideElementsInCurrentOnly>
<bounds x="339" y="112" width="319" height="164"/>
</OView>
</objectViews>
<connectors>
<Connector class="oracle.dbtools.crest.swingui.relational.TVFKRelation" oid="0B50B0CF-6806-FD2A-9503-7B3AB0D67137" otype="FKIndexAssociation" vid_source="6C3199A1-3AF3-6BD8-2A74-9CE5E6B65C8D" vid_target="5AEEEC4E-5E5B-3E81-C9D4-DA2187CD5A56">
<hideElementsInCurrentOnly>false</hideElementsInCurrentOnly>
<backgroundColor>-16777216</backgroundColor>
<lineWidth>1</lineWidth>
<points>
<point x="483" y="189"/>
<point x="727" y="189"/>
</points>
</Connector>
<Connector class="oracle.dbtools.crest.swingui.relational.TVFKRelation" oid="5EE76829-2E08-9BF9-C311-3E4C5A80B8D2" otype="FKIndexAssociation" vid_source="C0881642-EAF7-8C11-004C-15BAD03FA84F" vid_target="6C3199A1-3AF3-6BD8-2A74-9CE5E6B65C8D">
<hideElementsInCurrentOnly>false</hideElementsInCurrentOnly>
<backgroundColor>-16777216</backgroundColor>
<lineWidth>1</lineWidth>
<points>
<point x="260" y="254"/>
<point x="339" y="262"/>
</points>
</Connector>
<Connector class="oracle.dbtools.crest.swingui.relational.TVFKRelation" oid="8F385E6F-07C2-1A2E-642C-D611A134C9EA" otype="FKIndexAssociation" vid_source="CB231603-FE6B-1D67-CEB1-90367C9F3C98" vid_target="6C3199A1-3AF3-6BD8-2A74-9CE5E6B65C8D">
<hideElementsInCurrentOnly>false</hideElementsInCurrentOnly>
<backgroundColor>-16777216</backgroundColor>
<lineWidth>1</lineWidth>
<points>
<point x="279" y="140"/>
<point x="339" y="114"/>
</points>
</Connector>
<Connector class="oracle.dbtools.crest.swingui.relational.TVFKRelation" oid="93547E4F-F4D4-E0B1-DD6D-307430642DCC" otype="FKIndexAssociation" vid_source="CB231603-FE6B-1D67-CEB1-90367C9F3C98" vid_target="C0881642-EAF7-8C11-004C-15BAD03FA84F">
<hideElementsInCurrentOnly>false</hideElementsInCurrentOnly>
<backgroundColor>-16777216</backgroundColor>
<lineWidth>1</lineWidth>
<points>
<point x="143" y="168"/>
<point x="143" y="233"/>
</points>
</Connector>
<Connector class="oracle.dbtools.crest.swingui.relational.TVFKRelation" oid="9B63FD89-DB5A-0FDE-6F07-C982D14CDE91" otype="FKIndexAssociation" vid_source="C64A5540-FC31-122D-5A71-20C2F139A2AD" vid_target="5AEEEC4E-5E5B-3E81-C9D4-DA2187CD5A56">
<hideElementsInCurrentOnly>false</hideElementsInCurrentOnly>
<backgroundColor>-16777216</backgroundColor>
<lineWidth>1</lineWidth>
<points>
<point x="760" y="384"/>
<point x="760" y="267"/>
</points>
</Connector>
<Connector class="oracle.dbtools.crest.swingui.relational.TVFKRelation" oid="DFE432F8-97E2-8491-C4A6-BEEFF3C7BEF4" otype="FKIndexAssociation" vid_source="B9FA3DDF-A7D7-10ED-AC03-26CB1EBFFB1D" vid_target="5AEEEC4E-5E5B-3E81-C9D4-DA2187CD5A56">
<hideElementsInCurrentOnly>false</hideElementsInCurrentOnly>
<backgroundColor>-16777216</backgroundColor>
<lineWidth>1</lineWidth>
<points>
<point x="1151" y="150"/>
<point x="1083" y="150"/>
</points>
</Connector>
</connectors>
</Diagram>