<?xml version = '1.0' encoding = 'UTF-8'?>
<FKIndexAssociation class="oracle.dbtools.crest.model.design.relational.FKIndexAssociation" directorySegmentName="seg_0" id="0B50B0CF-6806-FD2A-9503-7B3AB0D67137" containerWithKeyObject="46976EDE-613B-C1AA-B83D-3BC68D377D52" localFKIndex="7FFE026D-33B4-FC86-3625-F5FD95762EA4" name="DETALLE_ORDEN_ORDEN_ATENCION_FK">
<createdBy>lilianatapia</createdBy>
<createdTime>2024-09-09 01:49:22 UTC</createdTime>
<generatorID>AC36B34F-51C3-7AF0-78D0-2888769D33C4</generatorID>
<ownerDesignName>Exp2_S5_Grupo16</ownerDesignName>
<referredTableLongName>ORDEN_ATENCION</referredTableLongName>
<deleteRule>NO ACTION</deleteRule>
<referredTableID>DBE14B56-EA64-663B-330C-218AB4995206</referredTableID>
<keyObject>44D10520-290A-3CB8-3995-ACDFC972EDAE</keyObject>
<referredKeyID>44D10520-290A-3CB8-3995-ACDFC972EDAE</referredKeyID>
<mandatory>true</mandatory>
<refColNames>id_orden</refColNames>
<transferable>true</transferable>
<rely>false</rely>
<columnDependencyConstraintGenerateInDDL>true</columnDependencyConstraintGenerateInDDL>
</FKIndexAssociation>