<?xml version = '1.0' encoding = 'UTF-8'?>
<FKIndexAssociation class="oracle.dbtools.crest.model.design.relational.FKIndexAssociation" directorySegmentName="seg_0" id="5EE76829-2E08-9BF9-C311-3E4C5A80B8D2" containerWithKeyObject="DBE14B56-EA64-663B-330C-218AB4995206" localFKIndex="C3891594-789B-9D17-DEAA-920548781C96" name="ORDEN_ATENCION_VEHICULO_FK">
<createdBy>lilianatapia</createdBy>
<createdTime>2024-09-09 01:49:22 UTC</createdTime>
<generatorID>771B65F1-9043-2205-1481-A31763DEBAA5</generatorID>
<ownerDesignName>Exp2_S5_Grupo16</ownerDesignName>
<referredTableLongName>VEHICULO</referredTableLongName>
<deleteRule>NO ACTION</deleteRule>
<referredTableID>A47F3BF7-0925-4982-E4BD-6B341EDEBE78</referredTableID>
<keyObject>F6113103-040F-05AA-F4B2-0F926F604410</keyObject>
<referredKeyID>F6113103-040F-05AA-F4B2-0F926F604410</referredKeyID>
<mandatory>true</mandatory>
<refColNames>id_vehiculo</refColNames>
<transferable>true</transferable>
<rely>false</rely>
<columnDependencyConstraintGenerateInDDL>true</columnDependencyConstraintGenerateInDDL>
</FKIndexAssociation>