<?xml version = '1.0' encoding = 'UTF-8'?>
<FKIndexAssociation class="oracle.dbtools.crest.model.design.relational.FKIndexAssociation" directorySegmentName="seg_0" id="8F385E6F-07C2-1A2E-642C-D611A134C9EA" containerWithKeyObject="DBE14B56-EA64-663B-330C-218AB4995206" localFKIndex="BCCD7214-8185-B38F-E18D-97DAA8369D18" name="ORDEN_ATENCION_CLIENTE_FK">
<createdBy>lilianatapia</createdBy>
<createdTime>2024-09-09 01:49:22 UTC</createdTime>
<generatorID>5A4E89C6-E753-C1FB-63B3-C6EA635A040A</generatorID>
<ownerDesignName>Exp2_S5_Grupo16</ownerDesignName>
<referredTableLongName>CLIENTE</referredTableLongName>
<deleteRule>NO ACTION</deleteRule>
<referredTableID>78C5698D-EE97-D9AD-9984-926EACA19198</referredTableID>
<keyObject>18FA0022-D17D-6025-50AD-0EDBA66386B7</keyObject>
<referredKeyID>18FA0022-D17D-6025-50AD-0EDBA66386B7</referredKeyID>
<mandatory>true</mandatory>
<refColNames>id_cliente</refColNames>
<transferable>true</transferable>
<rely>false</rely>
<columnDependencyConstraintGenerateInDDL>true</columnDependencyConstraintGenerateInDDL>
</FKIndexAssociation>