<?xml version = '1.0' encoding = 'UTF-8'?>
<FKIndexAssociation class="oracle.dbtools.crest.model.design.relational.FKIndexAssociation" directorySegmentName="seg_0" id="93547E4F-F4D4-E0B1-DD6D-307430642DCC" containerWithKeyObject="A47F3BF7-0925-4982-E4BD-6B341EDEBE78" localFKIndex="E521D530-C785-259E-032E-0D8B4C9BB147" name="VEHICULO_CLIENTE_FK">
<createdBy>lilianatapia</createdBy>
<createdTime>2024-09-09 01:49:22 UTC</createdTime>
<generatorID>0EE4CD5C-A17F-B623-2F13-50B0E8F79CF6</generatorID>
<ownerDesignName>Exp2_S5_Grupo16</ownerDesignName>
<referredTableLongName>CLIENTE</referredTableLongName>
<deleteRule>NO ACTION</deleteRule>
<referredTableID>78C5698D-EE97-D9AD-9984-926EACA19198</referredTableID>
<keyObject>18FA0022-D17D-6025-50AD-0EDBA66386B7</keyObject>
<referredKeyID>18FA0022-D17D-6025-50AD-0EDBA66386B7</referredKeyID>
<mandatory>true</mandatory>
<refColNames>id_cliente</refColNames>
<transferable>true</transferable>
<rely>false</rely>
<columnDependencyConstraintGenerateInDDL>true</columnDependencyConstraintGenerateInDDL>
</FKIndexAssociation>