<?xml version = '1.0' encoding = 'UTF-8'?>
<FKIndexAssociation class="oracle.dbtools.crest.model.design.relational.FKIndexAssociation" directorySegmentName="seg_0" id="9B63FD89-DB5A-0FDE-6F07-C982D14CDE91" containerWithKeyObject="46976EDE-613B-C1AA-B83D-3BC68D377D52" localFKIndex="AFC86D23-BED7-44FB-8C96-BDD8BB2063D6" name="DETALLE_ORDEN_SERVICIO_FK">
<createdBy>lilianatapia</createdBy>
<createdTime>2024-09-09 01:49:22 UTC</createdTime>
<generatorID>67A8E092-4C1E-48A4-6D99-9713B52C646A</generatorID>
<ownerDesignName>Exp2_S5_Grupo16</ownerDesignName>
<referredTableLongName>SERVICIO</referredTableLongName>
<deleteRule>NO ACTION</deleteRule>
<referredTableID>8F3E5205-62AD-8EF8-DDBB-DC91D6567644</referredTableID>
<keyObject>A73BA885-D372-CB00-5A49-8389A447C5C7</keyObject>
<referredKeyID>A73BA885-D372-CB00-5A49-8389A447C5C7</referredKeyID>
<mandatory>true</mandatory>
<refColNames>id_servicio</refColNames>
<transferable>true</transferable>
<rely>false</rely>
<columnDependencyConstraintGenerateInDDL>true</columnDependencyConstraintGenerateInDDL>
</FKIndexAssociation>