<?xml version = '1.0' encoding = 'UTF-8'?>
<FKIndexAssociation class="oracle.dbtools.crest.model.design.relational.FKIndexAssociation" directorySegmentName="seg_0" id="DFE432F8-97E2-8491-C4A6-BEEFF3C7BEF4" containerWithKeyObject="46976EDE-613B-C1AA-B83D-3BC68D377D52" localFKIndex="E4EF1AF6-85E1-E82D-7BFE-CF497E2279DA" name="DETALLE_ORDEN_REPUESTO_FK">
<createdBy>lilianatapia</createdBy>
<createdTime>2024-09-09 01:49:22 UTC</createdTime>
<generatorID>9BD3B018-C4CF-EF2A-48B1-FFBD2118FE83</generatorID>
<ownerDesignName>Exp2_S5_Grupo16</ownerDesignName>
<referredTableLongName>REPUESTO</referredTableLongName>
<deleteRule>NO ACTION</deleteRule>
<referredTableID>B64DDCAE-334D-03AA-3D8C-E229650CEC6C</referredTableID>
<keyObject>68FED956-66F0-F856-EA1C-D63278F0090E</keyObject>
<referredKeyID>68FED956-66F0-F856-EA1C-D63278F0090E</referredKeyID>
<mandatory>true</mandatory>
<refColNames>id_repuesto</refColNames>
<transferable>true</transferable>
<rely>false</rely>
<columnDependencyConstraintGenerateInDDL>true</columnDependencyConstraintGenerateInDDL>
</FKIndexAssociation>