<?xml version = '1.0' encoding = 'UTF-8'?>
<Relation class="oracle.dbtools.crest.model.design.logical.Relation" name="Relation_3" directorySegmentName="seg_0" id="5A4E89C6-E753-C1FB-63B3-C6EA635A040A">
<createdBy>lilianatapia</createdBy>
<createdTime>2024-09-01 04:17:10 UTC</createdTime>
<ownerDesignName>Exp2_S5_Grupo16</ownerDesignName>
<engineerTo>
<item key="5C1BB603-E660-49D8-0890-9F3C0B9D582A" value="true"/>
</engineerTo>
<sourcePk>C218C5E0-B1B9-CF38-E89F-1187FD1BDAAD</sourcePk>
<identifying>false</identifying>
<optionalSource>false</optionalSource>
<optionalTarget>false</optionalTarget>
<sourceCardinality>1</sourceCardinality>
<sourceEntity>596D8B50-6027-9FD6-753A-571F905BA9E7</sourceEntity>
<targetCardinalityString>*</targetCardinalityString>
<targetEntity>8D8F98B3-A447-8CDF-5CD4-18A3835C91E7</targetEntity>
<transferable>true</transferable>
<deleteRule>NO ACTION</deleteRule>
</Relation>