<?xml version = '1.0' encoding = 'UTF-8'?>
<Relation class="oracle.dbtools.crest.model.design.logical.Relation" name="Relation_4" directorySegmentName="seg_0" id="771B65F1-9043-2205-1481-A31763DEBAA5">
<createdBy>lilianatapia</createdBy>
<createdTime>2024-09-01 04:18:31 UTC</createdTime>
<ownerDesignName>Exp2_S5_Grupo16</ownerDesignName>
<engineerTo>
<item key="5C1BB603-E660-49D8-0890-9F3C0B9D582A" value="true"/>
</engineerTo>
<sourcePk>F814619B-DF02-B86E-A7BF-7D3BB68E141F</sourcePk>
<identifying>false</identifying>
<optionalSource>false</optionalSource>
<optionalTarget>false</optionalTarget>
<sourceCardinality>1</sourceCardinality>
<sourceEntity>621BE4B1-D7B5-D748-E66F-BAFFBB75C3C4</sourceEntity>
<targetCardinalityString>*</targetCardinalityString>
<targetEntity>8D8F98B3-A447-8CDF-5CD4-18A3835C91E7</targetEntity>
<transferable>true</transferable>
<deleteRule>NO ACTION</deleteRule>
</Relation>