<?xml version = '1.0' encoding = 'UTF-8'?>
<Relation class="oracle.dbtools.crest.model.design.logical.Relation" name="Relation_7" directorySegmentName="seg_0" id="9BD3B018-C4CF-EF2A-48B1-FFBD2118FE83">
<createdBy>lilianatapia</createdBy>
<createdTime>2024-09-01 04:24:02 UTC</createdTime>
<ownerDesignName>Exp2_S5_Grupo16</ownerDesignName>
<engineerTo>
<item key="5C1BB603-E660-49D8-0890-9F3C0B9D582A" value="true"/>
</engineerTo>
<sourcePk>E79177AB-96E5-763A-1741-CCF79BAFA2B1</sourcePk>
<identifying>false</identifying>
<optionalSource>false</optionalSource>
<optionalTarget>false</optionalTarget>
<sourceCardinality>1</sourceCardinality>
<sourceEntity>53608D09-8C68-D28E-AFB0-7F12995C53F3</sourceEntity>
<targetCardinalityString>*</targetCardinalityString>
<targetEntity>93B50FFC-33CF-AD76-04BE-36E6735B8926</targetEntity>
<transferable>true</transferable>
<deleteRule>NO ACTION</deleteRule>
</Relation>