<?xml version = '1.0' encoding = 'UTF-8'?>
<Relation class="oracle.dbtools.crest.model.design.logical.Relation" name="Relation_5" directorySegmentName="seg_0" id="AC36B34F-51C3-7AF0-78D0-2888769D33C4">
<createdBy>lilianatapia</createdBy>
<createdTime>2024-09-01 04:21:42 UTC</createdTime>
<ownerDesignName>Exp2_S5_Grupo16</ownerDesignName>
<engineerTo>
<item key="5C1BB603-E660-49D8-0890-9F3C0B9D582A" value="true"/>
</engineerTo>
<sourcePk>7AC1EBC0-34D5-89B9-871E-94084D8CA278</sourcePk>
<identifying>false</identifying>
<optionalSource>false</optionalSource>
<optionalTarget>false</optionalTarget>
<sourceCardinality>1</sourceCardinality>
<sourceEntity>8D8F98B3-A447-8CDF-5CD4-18A3835C91E7</sourceEntity>
<targetCardinalityString>*</targetCardinalityString>
<targetEntity>93B50FFC-33CF-AD76-04BE-36E6735B8926</targetEntity>
<transferable>true</transferable>
<deleteRule>NO ACTION</deleteRule>
</Relation>