<?xml version = '1.0' encoding = 'UTF-8'?>
<Table class="oracle.dbtools.crest.model.design.relational.Table" directorySegmentName="seg_0" id="46976EDE-613B-C1AA-B83D-3BC68D377D52" name="DETALLE_ORDEN">
<createdBy>lilianatapia</createdBy>
<createdTime>2024-09-09 01:49:22 UTC</createdTime>
<generatorID>93B50FFC-33CF-AD76-04BE-36E6735B8926</generatorID>
<ownerDesignName>Exp2_S5_Grupo16</ownerDesignName>
<allowColumnReorder>false</allowColumnReorder>
<existDependencyGenerateInDDl>true</existDependencyGenerateInDDl>
<parsed>true</parsed>
<columns itemClass="oracle.dbtools.crest.model.design.relational.Column">
<Column name="id_detalle" id="1D29347B-54D0-6278-7F27-43F788731D9C">
<createdBy>lilianatapia</createdBy>
<createdTime>2024-09-09 01:49:22 UTC</createdTime>
<generatorID>5DC477A3-896D-6FC4-D8C6-23FED23256E3</generatorID>
<ownerDesignName>Exp2_S5_Grupo16</ownerDesignName>
<useDomainConstraints>false</useDomainConstraints>
<use>1</use>
<logicalDatatype>LOGDT011</logicalDatatype>
<ownDataTypeParameters>,,</ownDataTypeParameters>
<autoIncrementCycle>false</autoIncrementCycle>
</Column>
<Column name="cantidad_repuestos" id="E9B8B185-C7D2-6945-B3AD-93FC8A8B3B14">
<createdBy>lilianatapia</createdBy>
<createdTime>2024-09-09 01:49:22 UTC</createdTime>
<generatorID>A5489D04-EA15-7220-1747-AAB964412EF2</generatorID>
<ownerDesignName>Exp2_S5_Grupo16</ownerDesignName>
<nullsAllowed>true</nullsAllowed>
<useDomainConstraints>false</useDomainConstraints>
<use>1</use>
<logicalDatatype>LOGDT011</logicalDatatype>
<ownDataTypeParameters>,,</ownDataTypeParameters>
<autoIncrementCycle>false</autoIncrementCycle>
</Column>
<Column name="subtotal" id="C95F066E-F09A-E9E4-B2CC-1945A6783827">
<createdBy>lilianatapia</createdBy>
<createdTime>2024-09-09 01:49:22 UTC</createdTime>
<generatorID>DD08A91F-DE6F-6B06-FEA0-FA09044D7E77</generatorID>
<ownerDesignName>Exp2_S5_Grupo16</ownerDesignName>
<useDomainConstraints>false</useDomainConstraints>
<use>1</use>
<logicalDatatype>LOGDT019</logicalDatatype>
<dataTypePrecision>10</dataTypePrecision>
<dataTypeScale>2</dataTypeScale>
<ownDataTypeParameters>,10,2</ownDataTypeParameters>
<autoIncrementCycle>false</autoIncrementCycle>
</Column>
<Column name="ORDEN_ATENCION_id_orden" id="25C1B41D-8ECD-113F-7841-99E3B752623A">
<createdBy>lilianatapia</createdBy>
<createdTime>2024-09-09 01:49:22 UTC</createdTime>
<generatorID>C3AF3CC4-2D59-B762-4878-F5F8C9BDC111</generatorID>
<ownerDesignName>Exp2_S5_Grupo16</ownerDesignName>
<useDomainConstraints>false</useDomainConstraints>
<use>1</use>
<logicalDatatype>LOGDT011</logicalDatatype>
<ownDataTypeParameters>,,</ownDataTypeParameters>
<previousColumn>false</previousColumn>
<autoIncrementCycle>false</autoIncrementCycle>
<associations>
<colAssociation fkAssociation="0B50B0CF-6806-FD2A-9503-7B3AB0D67137" referredColumn="F2393953-973C-4FB2-8DC5-88FE84279E9F"/>
</associations>
</Column>
<Column name="REPUESTO_id_repuesto" id="3EEA9A6C-8EE8-7703-2DBF-4D7B56D199ED">
<createdBy>lilianatapia</createdBy>
<createdTime>2024-09-09 01:49:22 UTC</createdTime>
<generatorID>3294F85A-2995-7BDA-3147-3A76E507FF2E</generatorID>
<ownerDesignName>Exp2_S5_Grupo16</ownerDesignName>
<useDomainConstraints>false</useDomainConstraints>
<use>1</use>
<logicalDatatype>LOGDT011</logicalDatatype>
<ownDataTypeParameters>,,</ownDataTypeParameters>
<previousColumn>false</previousColumn>
<autoIncrementCycle>false</autoIncrementCycle>
<associations>
<colAssociation fkAssociation="DFE432F8-97E2-8491-C4A6-BEEFF3C7BEF4" referredColumn="1E516588-D8B2-CC0A-9CF4-A4BD8F9B2F3F"/>
</associations>
</Column>
<Column name="SERVICIO_id_servicio" id="BFC985D2-88BE-AD3A-B2A3-9E6BD3688B99">
<createdBy>lilianatapia</createdBy>
<createdTime>2024-09-09 01:49:22 UTC</createdTime>
<generatorID>A5B5CB11-524E-3583-F647-B6A258CD5645</generatorID>
<ownerDesignName>Exp2_S5_Grupo16</ownerDesignName>
<useDomainConstraints>false</useDomainConstraints>
<use>1</use>
<logicalDatatype>LOGDT011</logicalDatatype>
<ownDataTypeParameters>,,</ownDataTypeParameters>
<previousColumn>false</previousColumn>
<autoIncrementCycle>false</autoIncrementCycle>
<associations>
<colAssociation fkAssociation="9B63FD89-DB5A-0FDE-6F07-C982D14CDE91" referredColumn="1F89166C-1E0E-BB45-B5BC-00CE15A64D42"/>
</associations>
</Column>
</columns>
<indexes itemClass="oracle.dbtools.crest.model.design.relational.Index">
<ind_PK_UK id="3C52F76C-5292-1053-5FF6-EAECB7C65F68" name="DETALLE_ORDEN_PK">
<createdBy>lilianatapia</createdBy>
<createdTime>2024-09-09 01:49:22 UTC</createdTime>
<generatorID>F969408E-8C9F-5CD5-7BD7-5B16C4EE1178</generatorID>
<ownerDesignName>Exp2_S5_Grupo16</ownerDesignName>
<pk>true</pk>
<indexState>Primary Constraint</indexState>
<isSurrogateKey>false</isSurrogateKey>
<indexColumnUsage>
<colUsage columnID="1D29347B-54D0-6278-7F27-43F788731D9C"/>
</indexColumnUsage>
</ind_PK_UK>
<ind_PK_UK id="7FFE026D-33B4-FC86-3625-F5FD95762EA4" name="DETALLE_ORDEN_ORDEN_ATENCION_FK">
<createdBy>lilianatapia</createdBy>
<createdTime>2024-09-09 01:49:22 UTC</createdTime>
<generatorID>AC36B34F-51C3-7AF0-78D0-2888769D33C4</generatorID>
<ownerDesignName>Exp2_S5_Grupo16</ownerDesignName>
<indexState>Foreign Key</indexState>
<isSurrogateKey>false</isSurrogateKey>
<indexColumnUsage>
<colUsage columnID="25C1B41D-8ECD-113F-7841-99E3B752623A"/>
</indexColumnUsage>
</ind_PK_UK>
<ind_PK_UK id="AFC86D23-BED7-44FB-8C96-BDD8BB2063D6" name="DETALLE_ORDEN_SERVICIO_FK">
<createdBy>lilianatapia</createdBy>
<createdTime>2024-09-09 01:49:22 UTC</createdTime>
<generatorID>67A8E092-4C1E-48A4-6D99-9713B52C646A</generatorID>
<ownerDesignName>Exp2_S5_Grupo16</ownerDesignName>
<indexState>Foreign Key</indexState>
<isSurrogateKey>false</isSurrogateKey>
<indexColumnUsage>
<colUsage columnID="BFC985D2-88BE-AD3A-B2A3-9E6BD3688B99"/>
</indexColumnUsage>
</ind_PK_UK>
<ind_PK_UK id="E4EF1AF6-85E1-E82D-7BFE-CF497E2279DA" name="DETALLE_ORDEN_REPUESTO_FK">
<createdBy>lilianatapia</createdBy>
<createdTime>2024-09-09 01:49:22 UTC</createdTime>
<generatorID>9BD3B018-C4CF-EF2A-48B1-FFBD2118FE83</generatorID>
<ownerDesignName>Exp2_S5_Grupo16</ownerDesignName>
<indexState>Foreign Key</indexState>
<isSurrogateKey>false</isSurrogateKey>
<indexColumnUsage>
<colUsage columnID="3EEA9A6C-8EE8-7703-2DBF-4D7B56D199ED"/>
</indexColumnUsage>
</ind_PK_UK>
</indexes>
</Table>