<?xml version = '1.0' encoding = 'UTF-8'?>
<Table class="oracle.dbtools.crest.model.design.relational.Table" directorySegmentName="seg_0" id="A47F3BF7-0925-4982-E4BD-6B341EDEBE78" name="VEHICULO">
<createdBy>lilianatapia</createdBy>
<createdTime>2024-09-09 01:49:22 UTC</createdTime>
<generatorID>621BE4B1-D7B5-D748-E66F-BAFFBB75C3C4</generatorID>
<ownerDesignName>Exp2_S5_Grupo16</ownerDesignName>
<allowColumnReorder>false</allowColumnReorder>
<existDependencyGenerateInDDl>true</existDependencyGenerateInDDl>
<parsed>true</parsed>
<columns itemClass="oracle.dbtools.crest.model.design.relational.Column">
<Column name="id_vehiculo" id="ADC3414D-749B-593E-16C7-14B7B6359BDA">
<createdBy>lilianatapia</createdBy>
<createdTime>2024-09-09 01:49:22 UTC</createdTime>
<generatorID>96D8B638-92F5-7851-5F43-6741CE33F185</generatorID>
<ownerDesignName>Exp2_S5_Grupo16</ownerDesignName>
<useDomainConstraints>false</useDomainConstraints>
<use>1</use>
<logicalDatatype>LOGDT011</logicalDatatype>
<ownDataTypeParameters>,,</ownDataTypeParameters>
<autoIncrementCycle>false</autoIncrementCycle>
</Column>
<Column name="patente" id="6D20F57B-B723-D1FC-85ED-1DA1B9D505B2">
<createdBy>lilianatapia</createdBy>
<createdTime>2024-09-09 01:49:22 UTC</createdTime>
<generatorID>DC07D1C1-843B-899D-E080-1891A276DEEA</generatorID>
<ownerDesignName>Exp2_S5_Grupo16</ownerDesignName>
<useDomainConstraints>false</useDomainConstraints>
<use>1</use>
<logicalDatatype>LOGDT024</logicalDatatype>
<dataTypeSize>10 BYTE</dataTypeSize>
<ownDataTypeParameters>10 BYTE,,</ownDataTypeParameters>
<autoIncrementCycle>false</autoIncrementCycle>
</Column>
<Column name="marca" id="F4ADCDD1-65A4-C1DA-FD97-810D305A5383">
<createdBy>lilianatapia</createdBy>
<createdTime>2024-09-09 01:49:22 UTC</createdTime>
<generatorID>EA3BD1CA-DFE7-7CC0-6BAF-BE5043621866</generatorID>
<ownerDesignName>Exp2_S5_Grupo16</ownerDesignName>
<useDomainConstraints>false</useDomainConstraints>
<use>1</use>
<logicalDatatype>LOGDT024</logicalDatatype>
<dataTypeSize>10 BYTE</dataTypeSize>
<ownDataTypeParameters>10 BYTE,,</ownDataTypeParameters>
<autoIncrementCycle>false</autoIncrementCycle>
</Column>
<Column name="modelo" id="89067049-8529-089B-A707-3DB3366AB623">
<createdBy>lilianatapia</createdBy>
<createdTime>2024-09-09 01:49:22 UTC</createdTime>
<generatorID>A638C155-7E6E-4E18-E947-F04F425834DA</generatorID>
<ownerDesignName>Exp2_S5_Grupo16</ownerDesignName>
<useDomainConstraints>false</useDomainConstraints>
<use>1</use>
<logicalDatatype>LOGDT024</logicalDatatype>
<dataTypeSize>10 BYTE</dataTypeSize>
<ownDataTypeParameters>10 BYTE,,</ownDataTypeParameters>
<autoIncrementCycle>false</autoIncrementCycle>
</Column>
<Column name="anio" id="53643E48-314B-55D1-690C-B0DF7C05DCF6">
<createdBy>lilianatapia</createdBy>
<createdTime>2024-09-09 01:49:22 UTC</createdTime>
<generatorID>D06106B0-85E9-DD41-2744-64A4CF6BE942</generatorID>
<ownerDesignName>Exp2_S5_Grupo16</ownerDesignName>
<useDomainConstraints>false</useDomainConstraints>
<use>1</use>
<logicalDatatype>LOGDT011</logicalDatatype>
<ownDataTypeParameters>,,</ownDataTypeParameters>
<autoIncrementCycle>false</autoIncrementCycle>
</Column>
<Column name="color" id="19C9300E-9B88-8198-7BE6-D2431CF7DB2D">
<createdBy>lilianatapia</createdBy>
<createdTime>2024-09-09 01:49:22 UTC</createdTime>
<generatorID>0C6E748F-97C1-6A08-5974-087576083EE9</generatorID>
<ownerDesignName>Exp2_S5_Grupo16</ownerDesignName>
<useDomainConstraints>false</useDomainConstraints>
<use>1</use>
<logicalDatatype>LOGDT024</logicalDatatype>
<dataTypeSize>10 BYTE</dataTypeSize>
<ownDataTypeParameters>10 BYTE,,</ownDataTypeParameters>
<autoIncrementCycle>false</autoIncrementCycle>
</Column>
<Column name="CLIENTE_id_cliente" id="15AA103D-172F-4327-C59A-3D651EA103CD">
<createdBy>lilianatapia</createdBy>
<createdTime>2024-09-09 01:49:22 UTC</createdTime>
<generatorID>BE8E74C7-D8F1-2779-0495-CCEDB61B26CD</generatorID>
<ownerDesignName>Exp2_S5_Grupo16</ownerDesignName>
<useDomainConstraints>false</useDomainConstraints>
<use>1</use>
<logicalDatatype>LOGDT011</logicalDatatype>
<ownDataTypeParameters>,,</ownDataTypeParameters>
<previousColumn>false</previousColumn>
<autoIncrementCycle>false</autoIncrementCycle>
<associations>
<colAssociation fkAssociation="93547E4F-F4D4-E0B1-DD6D-307430642DCC" referredColumn="BD9954A9-FDED-DEB1-2448-94284EDD3D59"/>
</associations>
</Column>
</columns>
<indexes itemClass="oracle.dbtools.crest.model.design.relational.Index">
<ind_PK_UK id="F6113103-040F-05AA-F4B2-0F926F604410" name="VEHICULO_PK">
<createdBy>lilianatapia</createdBy>
<createdTime>2024-09-09 01:49:22 UTC</createdTime>
<generatorID>F814619B-DF02-B86E-A7BF-7D3BB68E141F</generatorID>
<ownerDesignName>Exp2_S5_Grupo16</ownerDesignName>
<pk>true</pk>
<indexState>Primary Constraint</indexState>
<isSurrogateKey>false</isSurrogateKey>
<indexColumnUsage>
<colUsage columnID="ADC3414D-749B-593E-16C7-14B7B6359BDA"/>
</indexColumnUsage>
</ind_PK_UK>
<ind_PK_UK id="E521D530-C785-259E-032E-0D8B4C9BB147" name="VEHICULO_CLIENTE_FK">
<createdBy>lilianatapia</createdBy>
<createdTime>2024-09-09 01:49:22 UTC</createdTime>
<generatorID>0EE4CD5C-A17F-B623-2F13-50B0E8F79CF6</generatorID>
<ownerDesignName>Exp2_S5_Grupo16</ownerDesignName>
<indexState>Foreign Key</indexState>
<isSurrogateKey>false</isSurrogateKey>
<indexColumnUsage>
<colUsage columnID="15AA103D-172F-4327-C59A-3D651EA103CD"/>
</indexColumnUsage>
</ind_PK_UK>
</indexes>
</Table>