<?xml version = '1.0' encoding = 'UTF-8'?>
<Table class="oracle.dbtools.crest.model.design.relational.Table" directorySegmentName="seg_0" id="B64DDCAE-334D-03AA-3D8C-E229650CEC6C" name="REPUESTO">
<createdBy>lilianatapia</createdBy>
<createdTime>2024-09-09 01:49:22 UTC</createdTime>
<generatorID>53608D09-8C68-D28E-AFB0-7F12995C53F3</generatorID>
<ownerDesignName>Exp2_S5_Grupo16</ownerDesignName>
<allowColumnReorder>false</allowColumnReorder>
<existDependencyGenerateInDDl>true</existDependencyGenerateInDDl>
<parsed>true</parsed>
<columns itemClass="oracle.dbtools.crest.model.design.relational.Column">
<Column name="id_repuesto" id="1E516588-D8B2-CC0A-9CF4-A4BD8F9B2F3F">
<createdBy>lilianatapia</createdBy>
<createdTime>2024-09-09 01:49:22 UTC</createdTime>
<generatorID>D28C1223-BB37-5945-A912-602C527F374F</generatorID>
<ownerDesignName>Exp2_S5_Grupo16</ownerDesignName>
<useDomainConstraints>false</useDomainConstraints>
<use>1</use>
<logicalDatatype>LOGDT011</logicalDatatype>
<ownDataTypeParameters>,,</ownDataTypeParameters>
<autoIncrementCycle>false</autoIncrementCycle>
</Column>
<Column name="nombre_repuesto" id="C091CE38-F210-2487-A893-5E9CD128AB6E">
<createdBy>lilianatapia</createdBy>
<createdTime>2024-09-09 01:49:22 UTC</createdTime>
<generatorID>22FA8612-F655-F241-9331-1A2B106C49F4</generatorID>
<ownerDesignName>Exp2_S5_Grupo16</ownerDesignName>
<useDomainConstraints>false</useDomainConstraints>
<use>1</use>
<logicalDatatype>LOGDT024</logicalDatatype>
<dataTypeSize>20 BYTE</dataTypeSize>
<ownDataTypeParameters>20 BYTE,,</ownDataTypeParameters>
<autoIncrementCycle>false</autoIncrementCycle>
</Column>
<Column name="marca" id="EFD089B0-9315-A6C5-E7CC-06D3E4AC05B8">
<createdBy>lilianatapia</createdBy>
<createdTime>2024-09-09 01:49:22 UTC</createdTime>
<generatorID>4C54AAF3-D57E-6752-848E-EA81A7A04377</generatorID>
<ownerDesignName>Exp2_S5_Grupo16</ownerDesignName>
<nullsAllowed>true</nullsAllowed>
<useDomainConstraints>false</useDomainConstraints>
<use>1</use>
<logicalDatatype>LOGDT024</logicalDatatype>
<dataTypeSize>10 BYTE</dataTypeSize>
<ownDataTypeParameters>10 BYTE,,</ownDataTypeParameters>
<autoIncrementCycle>false</autoIncrementCycle>
</Column>
<Column name="modelo_compatible" id="D3ABA2B3-91B9-1F38-A8DA-561EEB3F306B">
<createdBy>lilianatapia</createdBy>
<createdTime>2024-09-09 01:49:22 UTC</createdTime>
<generatorID>E1B4EC8F-F7C5-41F4-4E5B-A7CF34F95A51</generatorID>
<ownerDesignName>Exp2_S5_Grupo16</ownerDesignName>
<nullsAllowed>true</nullsAllowed>
<useDomainConstraints>false</useDomainConstraints>
<use>1</use>
<logicalDatatype>LOGDT024</logicalDatatype>
<dataTypeSize>10 BYTE</dataTypeSize>
<ownDataTypeParameters>10 BYTE,,</ownDataTypeParameters>
<autoIncrementCycle>false</autoIncrementCycle>
</Column>
<Column name="cantidad_inventario" id="DF066FFF-4695-D634-7C11-4322CC67BC80">
<createdBy>lilianatapia</createdBy>
<createdTime>2024-09-09 01:49:22 UTC</createdTime>
<generatorID>32576142-59B5-3DA3-AC2A-F94ECC29946F</generatorID>
<ownerDesignName>Exp2_S5_Grupo16</ownerDesignName>
<nullsAllowed>true</nullsAllowed>
<useDomainConstraints>false</useDomainConstraints>
<use>1</use>
<logicalDatatype>LOGDT011</logicalDatatype>
<ownDataTypeParameters>,,</ownDataTypeParameters>
<autoIncrementCycle>false</autoIncrementCycle>
</Column>
<Column name="precio_unitario" id="A488A14C-AE16-2A9E-36D0-BB25400D8F39">
<createdBy>lilianatapia</createdBy>
<createdTime>2024-09-09 01:49:22 UTC</createdTime>
<generatorID>EB705B43-75AE-5CE5-890F-00A53F0FF2F0</generatorID>
<ownerDesignName>Exp2_S5_Grupo16</ownerDesignName>
<useDomainConstraints>false</useDomainConstraints>
<use>1</use>
<logicalDatatype>LOGDT019</logicalDatatype>
<dataTypePrecision>10</dataTypePrecision>
<dataTypeScale>5</dataTypeScale>
<ownDataTypeParameters>,10,5</ownDataTypeParameters>
<autoIncrementCycle>false</autoIncrementCycle>
</Column>
</columns>
<indexes itemClass="oracle.dbtools.crest.model.design.relational.Index">
<ind_PK_UK id="68FED956-66F0-F856-EA1C-D63278F0090E" name="REPUESTO_PK">
<createdBy>lilianatapia</createdBy>
<createdTime>2024-09-09 01:49:22 UTC</createdTime>
<generatorID>E79177AB-96E5-763A-1741-CCF79BAFA2B1</generatorID>
<ownerDesignName>Exp2_S5_Grupo16</ownerDesignName>
<pk>true</pk>
<indexState>Primary Constraint</indexState>
<isSurrogateKey>false</isSurrogateKey>
<indexColumnUsage>
<colUsage columnID="1E516588-D8B2-CC0A-9CF4-A4BD8F9B2F3F"/>
</indexColumnUsage>
</ind_PK_UK>
</indexes>
</Table>