<?xml version = '1.0' encoding = 'UTF-8'?>
<Table class="oracle.dbtools.crest.model.design.relational.Table" directorySegmentName="seg_0" id="DBE14B56-EA64-663B-330C-218AB4995206" name="ORDEN_ATENCION">
<createdBy>lilianatapia</createdBy>
<createdTime>2024-09-09 01:49:22 UTC</createdTime>
<generatorID>8D8F98B3-A447-8CDF-5CD4-18A3835C91E7</generatorID>
<ownerDesignName>Exp2_S5_Grupo16</ownerDesignName>
<allowColumnReorder>false</allowColumnReorder>
<existDependencyGenerateInDDl>true</existDependencyGenerateInDDl>
<parsed>true</parsed>
<columns itemClass="oracle.dbtools.crest.model.design.relational.Column">
<Column name="id_orden" id="F2393953-973C-4FB2-8DC5-88FE84279E9F">
<createdBy>lilianatapia</createdBy>
<createdTime>2024-09-09 01:49:22 UTC</createdTime>
<generatorID>7F2EF867-D6B9-1148-9098-53810D3C0D9E</generatorID>
<ownerDesignName>Exp2_S5_Grupo16</ownerDesignName>
<useDomainConstraints>false</useDomainConstraints>
<use>1</use>
<logicalDatatype>LOGDT011</logicalDatatype>
<ownDataTypeParameters>,,</ownDataTypeParameters>
<autoIncrementCycle>false</autoIncrementCycle>
</Column>
<Column name="fecha_creacion" id="93183CF2-8C13-C714-AE42-36AD14381359">
<createdBy>lilianatapia</createdBy>
<createdTime>2024-09-09 01:49:22 UTC</createdTime>
<generatorID>76B42E93-6EFB-8D82-8AA5-E6A3FBB18F62</generatorID>
<ownerDesignName>Exp2_S5_Grupo16</ownerDesignName>
<useDomainConstraints>false</useDomainConstraints>
<use>1</use>
<logicalDatatype>LOGDT007</logicalDatatype>
<ownDataTypeParameters>,,</ownDataTypeParameters>
<autoIncrementCycle>false</autoIncrementCycle>
</Column>
<Column name="tipo_servicio" id="80B84131-FD76-43FA-5613-1C606E5C96C4">
<createdBy>lilianatapia</createdBy>
<createdTime>2024-09-09 01:49:22 UTC</createdTime>
<generatorID>0B27356C-678E-91CA-61D8-39C30B9BAB84</generatorID>
<ownerDesignName>Exp2_S5_Grupo16</ownerDesignName>
<useDomainConstraints>false</useDomainConstraints>
<use>1</use>
<logicalDatatype>LOGDT024</logicalDatatype>
<dataTypeSize>25 BYTE</dataTypeSize>
<ownDataTypeParameters>25 BYTE,,</ownDataTypeParameters>
<autoIncrementCycle>false</autoIncrementCycle>
</Column>
<Column name="estado" id="B9161F94-C0E9-2AC8-BD31-67B9B7029C53">
<createdBy>lilianatapia</createdBy>
<createdTime>2024-09-09 01:49:22 UTC</createdTime>
<generatorID>D5164869-83B9-AEF1-D515-E467F7D3A107</generatorID>
<ownerDesignName>Exp2_S5_Grupo16</ownerDesignName>
<useDomainConstraints>false</useDomainConstraints>
<use>1</use>
<logicalDatatype>LOGDT024</logicalDatatype>
<dataTypeSize>10 BYTE</dataTypeSize>
<ownDataTypeParameters>10 BYTE,,</ownDataTypeParameters>
<autoIncrementCycle>false</autoIncrementCycle>
</Column>
<Column name="CLIENTE_id_cliente" id="B8E125BD-9CB3-A198-08F3-7F90665A45E9">
<createdBy>lilianatapia</createdBy>
<createdTime>2024-09-09 01:49:22 UTC</createdTime>
<generatorID>24647FDE-657F-6065-4032-95F16FAEB272</generatorID>
<ownerDesignName>Exp2_S5_Grupo16</ownerDesignName>
<useDomainConstraints>false</useDomainConstraints>
<use>1</use>
<logicalDatatype>LOGDT011</logicalDatatype>
<ownDataTypeParameters>,,</ownDataTypeParameters>
<previousColumn>false</previousColumn>
<autoIncrementCycle>false</autoIncrementCycle>
<associations>
<colAssociation fkAssociation="8F385E6F-07C2-1A2E-642C-D611A134C9EA" referredColumn="BD9954A9-FDED-DEB1-2448-94284EDD3D59"/>
</associations>
</Column>
<Column name="VEHICULO_id_vehiculo" id="9850A0FB-9E14-2E89-B82B-C66AE3DEE85F">
<createdBy>lilianatapia</createdBy>
<createdTime>2024-09-09 01:49:22 UTC</createdTime>
<generatorID>6FE1DC2B-14B8-BD81-2B5A-CAFC16860F57</generatorID>
<ownerDesignName>Exp2_S5_Grupo16</ownerDesignName>
<useDomainConstraints>false</useDomainConstraints>
<use>1</use>
<logicalDatatype>LOGDT011</logicalDatatype>
<ownDataTypeParameters>,,</ownDataTypeParameters>
<previousColumn>false</previousColumn>
<autoIncrementCycle>false</autoIncrementCycle>
<associations>
<colAssociation fkAssociation="5EE76829-2E08-9BF9-C311-3E4C5A80B8D2" referredColumn="ADC3414D-749B-593E-16C7-14B7B6359BDA"/>
</associations>
</Column>
</columns>
<indexes itemClass="oracle.dbtools.crest.model.design.relational.Index">
<ind_PK_UK id="44D10520-290A-3CB8-3995-ACDFC972EDAE" name="ORDEN_ATENCION_PK">
<createdBy>lilianatapia</createdBy>
<createdTime>2024-09-09 01:49:22 UTC</createdTime>
<generatorID>7AC1EBC0-34D5-89B9-871E-94084D8CA278</generatorID>
<ownerDesignName>Exp2_S5_Grupo16</ownerDesignName>
<pk>true</pk>
<indexState>Primary Constraint</indexState>
<isSurrogateKey>false</isSurrogateKey>
<indexColumnUsage>
<colUsage columnID="F2393953-973C-4FB2-8DC5-88FE84279E9F"/>
</indexColumnUsage>
</ind_PK_UK>
<ind_PK_UK id="BCCD7214-8185-B38F-E18D-97DAA8369D18" name="ORDEN_ATENCION_CLIENTE_FK">
<createdBy>lilianatapia</createdBy>
<createdTime>2024-09-09 01:49:22 UTC</createdTime>
<generatorID>5A4E89C6-E753-C1FB-63B3-C6EA635A040A</generatorID>
<ownerDesignName>Exp2_S5_Grupo16</ownerDesignName>
<indexState>Foreign Key</indexState>
<isSurrogateKey>false</isSurrogateKey>
<indexColumnUsage>
<colUsage columnID="B8E125BD-9CB3-A198-08F3-7F90665A45E9"/>
</indexColumnUsage>
</ind_PK_UK>
<ind_PK_UK id="C3891594-789B-9D17-DEAA-920548781C96" name="ORDEN_ATENCION_VEHICULO_FK">
<createdBy>lilianatapia</createdBy>
<createdTime>2024-09-09 01:49:22 UTC</createdTime>
<generatorID>771B65F1-9043-2205-1481-A31763DEBAA5</generatorID>
<ownerDesignName>Exp2_S5_Grupo16</ownerDesignName>
<indexState>Foreign Key</indexState>
<isSurrogateKey>false</isSurrogateKey>
<indexColumnUsage>
<colUsage columnID="9850A0FB-9E14-2E89-B82B-C66AE3DEE85F"/>
</indexColumnUsage>
</ind_PK_UK>
</indexes>
</Table>