<?xml version = '1.0' encoding = 'UTF-8'?>
<Diagram class="oracle.dbtools.crest.swingui.logical.DPVLogical" name="Logical" id="A933A06D-B0AF-133A-4FE6-0F531FF69760">
<createdBy>lilianatapia</createdBy>
<modifiedBy>lilianatapia</modifiedBy>
<createdTime>2024-09-01 02:09:20 UTC</createdTime>
<autoRoute>false</autoRoute>
<boxInbox>true</boxInbox>
<showLegend>false</showLegend>
<showLabels>false</showLabels>
<showRelAttributes>false</showRelAttributes>
<gridEnabled>false</gridEnabled>
<showGrid>false</showGrid>
<diagramColor>-1</diagramColor>
<display>false</display>
<notation>1</notation>
<objectViews>
<OView class="oracle.dbtools.crest.swingui.logical.TVEntity" oid="53608D09-8C68-D28E-AFB0-7F12995C53F3" otype="Entity" vid="D5044D8A-970A-4050-1089-6D50AF95F526">
<hideElementsInCurrentOnly>false</hideElementsInCurrentOnly>
<bounds x="965" y="82" width="244" height="180"/>
</OView>
<OView class="oracle.dbtools.crest.swingui.logical.TVEntity" oid="596D8B50-6027-9FD6-753A-571F905BA9E7" otype="Entity" vid="4644093A-A2F1-14A8-1A57-CB30313435C5">
<hideElementsInCurrentOnly>false</hideElementsInCurrentOnly>
<bounds x="26" y="20" width="222" height="148"/>
</OView>
<OView class="oracle.dbtools.crest.swingui.logical.TVEntity" oid="621BE4B1-D7B5-D748-E66F-BAFFBB75C3C4" otype="Entity" vid="091EB987-CE62-D0D4-2C54-A942EEC55778">
<hideElementsInCurrentOnly>false</hideElementsInCurrentOnly>
<bounds x="38" y="233" width="187" height="162"/>
</OView>
<OView class="oracle.dbtools.crest.swingui.logical.TVEntity" oid="721456E0-3604-7421-C90E-2FDCC1B1DDE8" otype="Entity" vid="5CAFCBBA-F8D0-8A8F-D648-548A7D68A267">
<hideElementsInCurrentOnly>false</hideElementsInCurrentOnly>
<bounds x="613" y="320" width="230" height="146"/>
</OView>
<OView class="oracle.dbtools.crest.swingui.logical.TVEntity" oid="8D8F98B3-A447-8CDF-5CD4-18A3835C91E7" otype="Entity" vid="BD97B076-9EA7-599C-65EF-96758A9C359F">
<hideElementsInCurrentOnly>false</hideElementsInCurrentOnly>
<bounds x="298" y="114" width="185" height="148"/>
</OView>
<OView class="oracle.dbtools.crest.swingui.logical.TVEntity" oid="93B50FFC-33CF-AD76-04BE-36E6735B8926" otype="Entity" vid="56E68577-C0D4-681A-0EA6-5A4B585AF4BB">
<hideElementsInCurrentOnly>false</hideElementsInCurrentOnly>
<bounds x="589" y="109" width="251" height="139"/>
</OView>
</objectViews>
<connectors>
<Connector class="oracle.dbtools.crest.swingui.logical.TVRelation" oid="0EE4CD5C-A17F-B623-2F13-50B0E8F79CF6" otype="Relation" vid_source="4644093A-A2F1-14A8-1A57-CB30313435C5" vid_target="091EB987-CE62-D0D4-2C54-A942EEC55778">
<hideElementsInCurrentOnly>false</hideElementsInCurrentOnly>
<backgroundColor>-16777216</backgroundColor>
<lineWidth>1</lineWidth>
<points>
<point x="131" y="168"/>
<point x="131" y="233"/>
</points>
</Connector>
<Connector class="oracle.dbtools.crest.swingui.logical.TVRelation" oid="5A4E89C6-E753-C1FB-63B3-C6EA635A040A" otype="Relation" vid_source="4644093A-A2F1-14A8-1A57-CB30313435C5" vid_target="BD97B076-9EA7-599C-65EF-96758A9C359F">
<hideElementsInCurrentOnly>false</hideElementsInCurrentOnly>
<backgroundColor>-16777216</backgroundColor>
<lineWidth>1</lineWidth>
<points>
<point x="248" y="141"/>
<point x="298" y="141"/>
</points>
</Connector>
<Connector class="oracle.dbtools.crest.swingui.logical.TVRelation" oid="67A8E092-4C1E-48A4-6D99-9713B52C646A" otype="Relation" vid_source="5CAFCBBA-F8D0-8A8F-D648-548A7D68A267" vid_target="56E68577-C0D4-681A-0EA6-5A4B585AF4BB">
<hideElementsInCurrentOnly>false</hideElementsInCurrentOnly>
<backgroundColor>-16777216</backgroundColor>
<lineWidth>1</lineWidth>
<points>
<point x="726" y="320"/>
<point x="726" y="248"/>
</points>
</Connector>
<Connector class="oracle.dbtools.crest.swingui.logical.TVRelation" oid="771B65F1-9043-2205-1481-A31763DEBAA5" otype="Relation" vid_source="091EB987-CE62-D0D4-2C54-A942EEC55778" vid_target="BD97B076-9EA7-599C-65EF-96758A9C359F">
<hideElementsInCurrentOnly>false</hideElementsInCurrentOnly>
<backgroundColor>-16777216</backgroundColor>
<lineWidth>1</lineWidth>
<points>
<point x="225" y="247"/>
<point x="298" y="247"/>
</points>
</Connector>
<Connector class="oracle.dbtools.crest.swingui.logical.TVRelation" oid="9BD3B018-C4CF-EF2A-48B1-FFBD2118FE83" otype="Relation" vid_source="D5044D8A-970A-4050-1089-6D50AF95F526" vid_target="56E68577-C0D4-681A-0EA6-5A4B585AF4BB">
<hideElementsInCurrentOnly>false</hideElementsInCurrentOnly>
<backgroundColor>-16777216</backgroundColor>
<lineWidth>1</lineWidth>
<points>
<point x="965" y="178"/>
<point x="840" y="178"/>
</points>
</Connector>
<Connector class="oracle.dbtools.crest.swingui.logical.TVRelation" oid="AC36B34F-51C3-7AF0-78D0-2888769D33C4" otype="Relation" vid_source="BD97B076-9EA7-599C-65EF-96758A9C359F" vid_target="56E68577-C0D4-681A-0EA6-5A4B585AF4BB">
<hideElementsInCurrentOnly>false</hideElementsInCurrentOnly>
<backgroundColor>-16777216</backgroundColor>
<lineWidth>1</lineWidth>
<points>
<point x="483" y="181"/>
<point x="589" y="181"/>
</points>
</Connector>
</connectors>
</Diagram>