<?xml version = '1.0' encoding = 'UTF-8'?>
<Entity class="oracle.dbtools.crest.model.design.logical.Entity" directorySegmentName="seg_0" id="621BE4B1-D7B5-D748-E66F-BAFFBB75C3C4" name="VEHICULO">
<createdBy>lilianatapia</createdBy>
<createdTime>2024-09-01 02:09:39 UTC</createdTime>
<ownerDesignName>Exp2_S5_Grupo16</ownerDesignName>
<engineerTo>
<item key="5C1BB603-E660-49D8-0890-9F3C0B9D582A" value="true"/>
</engineerTo>
<adequatelyNormalized>NO</adequatelyNormalized>
<expectedVolumes>0</expectedVolumes>
<fwdEngineeringStrategyName>Single Table</fwdEngineeringStrategyName>
<growthPercent>0</growthPercent>
<growthType>Year</growthType>
<maxVolumes>9999999</maxVolumes>
<minVolumes>0</minVolumes>
<normalForm>Third</normalForm>
<attributes itemClass="oracle.dbtools.crest.model.design.logical.Attribute">
<Attribute name="id_vehiculo" id="96D8B638-92F5-7851-5F43-6741CE33F185">
<createdBy>lilianatapia</createdBy>
<createdTime>2024-09-01 02:17:16 UTC</createdTime>
<ownerDesignName>Exp2_S5_Grupo16</ownerDesignName>
<engineerTo>
<item key="5C1BB603-E660-49D8-0890-9F3C0B9D582A" value="true"/>
</engineerTo>
<useDomainConstraints>false</useDomainConstraints>
<use>1</use>
<logicalDatatype>LOGDT011</logicalDatatype>
<ownDataTypeParameters>,,</ownDataTypeParameters>
</Attribute>
<Attribute name="patente" id="DC07D1C1-843B-899D-E080-1891A276DEEA">
<createdBy>lilianatapia</createdBy>
<createdTime>2024-09-01 02:17:33 UTC</createdTime>
<ownerDesignName>Exp2_S5_Grupo16</ownerDesignName>
<engineerTo>
<item key="5C1BB603-E660-49D8-0890-9F3C0B9D582A" value="true"/>
</engineerTo>
<useDomainConstraints>false</useDomainConstraints>
<use>1</use>
<logicalDatatype>LOGDT024</logicalDatatype>
<dataTypeSize>10 BYTE</dataTypeSize>
<ownDataTypeParameters>10 BYTE,,</ownDataTypeParameters>
</Attribute>
<Attribute name="marca" id="EA3BD1CA-DFE7-7CC0-6BAF-BE5043621866">
<createdBy>lilianatapia</createdBy>
<createdTime>2024-09-01 02:19:57 UTC</createdTime>
<ownerDesignName>Exp2_S5_Grupo16</ownerDesignName>
<engineerTo>
<item key="5C1BB603-E660-49D8-0890-9F3C0B9D582A" value="true"/>
</engineerTo>
<useDomainConstraints>false</useDomainConstraints>
<use>1</use>
<logicalDatatype>LOGDT024</logicalDatatype>
<dataTypeSize>10 BYTE</dataTypeSize>
<ownDataTypeParameters>10 BYTE,,</ownDataTypeParameters>
</Attribute>
<Attribute name="modelo" id="A638C155-7E6E-4E18-E947-F04F425834DA">
<createdBy>lilianatapia</createdBy>
<createdTime>2024-09-01 02:20:10 UTC</createdTime>
<ownerDesignName>Exp2_S5_Grupo16</ownerDesignName>
<engineerTo>
<item key="5C1BB603-E660-49D8-0890-9F3C0B9D582A" value="true"/>
</engineerTo>
<useDomainConstraints>false</useDomainConstraints>
<use>1</use>
<logicalDatatype>LOGDT024</logicalDatatype>
<dataTypeSize>10 BYTE</dataTypeSize>
<ownDataTypeParameters>10 BYTE,,</ownDataTypeParameters>
</Attribute>
<Attribute name="anio" id="D06106B0-85E9-DD41-2744-64A4CF6BE942">
<createdBy>lilianatapia</createdBy>
<createdTime>2024-09-01 02:20:38 UTC</createdTime>
<ownerDesignName>Exp2_S5_Grupo16</ownerDesignName>
<engineerTo>
<item key="5C1BB603-E660-49D8-0890-9F3C0B9D582A" value="true"/>
</engineerTo>
<useDomainConstraints>false</useDomainConstraints>
<use>1</use>
<logicalDatatype>LOGDT011</logicalDatatype>
<ownDataTypeParameters>,,</ownDataTypeParameters>
</Attribute>
<Attribute name="color" id="0C6E748F-97C1-6A08-5974-087576083EE9">
<createdBy>lilianatapia</createdBy>
<createdTime>2024-09-01 02:21:29 UTC</createdTime>
<ownerDesignName>Exp2_S5_Grupo16</ownerDesignName>
<engineerTo>
<item key="5C1BB603-E660-49D8-0890-9F3C0B9D582A" value="true"/>
</engineerTo>
<useDomainConstraints>false</useDomainConstraints>
<use>1</use>
<logicalDatatype>LOGDT024</logicalDatatype>
<dataTypeSize>10 BYTE</dataTypeSize>
<ownDataTypeParameters>10 BYTE,,</ownDataTypeParameters>
</Attribute>
<Attribute name="id_cliente" id="BE8E74C7-D8F1-2779-0495-CCEDB61B26CD">
<createdBy>lilianatapia</createdBy>
<createdTime>2024-09-01 04:15:57 UTC</createdTime>
<generatorID>0EE4CD5C-A17F-B623-2F13-50B0E8F79CF6</generatorID>
<ownerDesignName>Exp2_S5_Grupo16</ownerDesignName>
<engineerTo>
<item key="5C1BB603-E660-49D8-0890-9F3C0B9D582A" value="true"/>
</engineerTo>
<referedAttribute>916E29BF-C171-D4C2-4C6D-5C69B78B0A94</referedAttribute>
<useDomainConstraints>false</useDomainConstraints>
<use>1</use>
<logicalDatatype>LOGDT011</logicalDatatype>
<ownDataTypeParameters>,,</ownDataTypeParameters>
</Attribute>
</attributes>
<identifiers itemClass="oracle.dbtools.crest.model.design.logical.CandidateKey">
<identifier id="F814619B-DF02-B86E-A7BF-7D3BB68E141F" name="VEHICULO PK">
<createdBy>lilianatapia</createdBy>
<createdTime>2024-09-01 02:17:29 UTC</createdTime>
<ownerDesignName>Exp2_S5_Grupo16</ownerDesignName>
<shouldEngineer>false</shouldEngineer>
<engineerTo>
<item key="5C1BB603-E660-49D8-0890-9F3C0B9D582A" value="false"/>
</engineerTo>
<pk>true</pk>
<usedAttributes>
<attributeRef>96D8B638-92F5-7851-5F43-6741CE33F185</attributeRef>
</usedAttributes>
</identifier>
</identifiers>
</Entity>