<?xml version = '1.0' encoding = 'UTF-8'?>
<Entity class="oracle.dbtools.crest.model.design.logical.Entity" directorySegmentName="seg_0" id="93B50FFC-33CF-AD76-04BE-36E6735B8926" name="DETALLE_ORDEN">
<createdBy>lilianatapia</createdBy>
<createdTime>2024-09-01 02:10:42 UTC</createdTime>
<ownerDesignName>Exp2_S5_Grupo16</ownerDesignName>
<engineerTo>
<item key="5C1BB603-E660-49D8-0890-9F3C0B9D582A" value="true"/>
</engineerTo>
<adequatelyNormalized>NO</adequatelyNormalized>
<expectedVolumes>0</expectedVolumes>
<fwdEngineeringStrategyName>Single Table</fwdEngineeringStrategyName>
<growthPercent>0</growthPercent>
<growthType>Year</growthType>
<maxVolumes>9999999</maxVolumes>
<minVolumes>0</minVolumes>
<normalForm>Third</normalForm>
<attributes itemClass="oracle.dbtools.crest.model.design.logical.Attribute">
<Attribute name="id_detalle" id="5DC477A3-896D-6FC4-D8C6-23FED23256E3">
<createdBy>lilianatapia</createdBy>
<createdTime>2024-09-01 03:12:18 UTC</createdTime>
<ownerDesignName>Exp2_S5_Grupo16</ownerDesignName>
<engineerTo>
<item key="5C1BB603-E660-49D8-0890-9F3C0B9D582A" value="true"/>
</engineerTo>
<useDomainConstraints>false</useDomainConstraints>
<use>1</use>
<logicalDatatype>LOGDT011</logicalDatatype>
<ownDataTypeParameters>,,</ownDataTypeParameters>
</Attribute>
<Attribute name="cantidad_repuestos" id="A5489D04-EA15-7220-1747-AAB964412EF2">
<createdBy>lilianatapia</createdBy>
<createdTime>2024-09-01 04:08:00 UTC</createdTime>
<ownerDesignName>Exp2_S5_Grupo16</ownerDesignName>
<engineerTo>
<item key="5C1BB603-E660-49D8-0890-9F3C0B9D582A" value="true"/>
</engineerTo>
<nullsAllowed>true</nullsAllowed>
<useDomainConstraints>false</useDomainConstraints>
<use>1</use>
<logicalDatatype>LOGDT011</logicalDatatype>
<ownDataTypeParameters>,,</ownDataTypeParameters>
</Attribute>
<Attribute name="subtotal" id="DD08A91F-DE6F-6B06-FEA0-FA09044D7E77">
<createdBy>lilianatapia</createdBy>
<createdTime>2024-09-01 04:14:11 UTC</createdTime>
<ownerDesignName>Exp2_S5_Grupo16</ownerDesignName>
<engineerTo>
<item key="5C1BB603-E660-49D8-0890-9F3C0B9D582A" value="true"/>
</engineerTo>
<useDomainConstraints>false</useDomainConstraints>
<use>1</use>
<logicalDatatype>LOGDT019</logicalDatatype>
<dataTypePrecision>10</dataTypePrecision>
<dataTypeScale>2</dataTypeScale>
<ownDataTypeParameters>,10,2</ownDataTypeParameters>
</Attribute>
<Attribute name="id_orden" id="C3AF3CC4-2D59-B762-4878-F5F8C9BDC111">
<createdBy>lilianatapia</createdBy>
<createdTime>2024-09-01 04:21:42 UTC</createdTime>
<generatorID>AC36B34F-51C3-7AF0-78D0-2888769D33C4</generatorID>
<ownerDesignName>Exp2_S5_Grupo16</ownerDesignName>
<engineerTo>
<item key="5C1BB603-E660-49D8-0890-9F3C0B9D582A" value="true"/>
</engineerTo>
<referedAttribute>7F2EF867-D6B9-1148-9098-53810D3C0D9E</referedAttribute>
<useDomainConstraints>false</useDomainConstraints>
<use>1</use>
<logicalDatatype>LOGDT011</logicalDatatype>
<ownDataTypeParameters>,,</ownDataTypeParameters>
</Attribute>
<Attribute name="id_repuesto" id="3294F85A-2995-7BDA-3147-3A76E507FF2E">
<createdBy>lilianatapia</createdBy>
<createdTime>2024-09-01 04:24:02 UTC</createdTime>
<generatorID>9BD3B018-C4CF-EF2A-48B1-FFBD2118FE83</generatorID>
<ownerDesignName>Exp2_S5_Grupo16</ownerDesignName>
<engineerTo>
<item key="5C1BB603-E660-49D8-0890-9F3C0B9D582A" value="true"/>
</engineerTo>
<referedAttribute>D28C1223-BB37-5945-A912-602C527F374F</referedAttribute>
<useDomainConstraints>false</useDomainConstraints>
<use>1</use>
<logicalDatatype>LOGDT011</logicalDatatype>
<ownDataTypeParameters>,,</ownDataTypeParameters>
</Attribute>
<Attribute name="id_servicio" id="A5B5CB11-524E-3583-F647-B6A258CD5645">
<createdBy>lilianatapia</createdBy>
<createdTime>2024-09-01 04:40:23 UTC</createdTime>
<generatorID>67A8E092-4C1E-48A4-6D99-9713B52C646A</generatorID>
<ownerDesignName>Exp2_S5_Grupo16</ownerDesignName>
<engineerTo>
<item key="5C1BB603-E660-49D8-0890-9F3C0B9D582A" value="true"/>
</engineerTo>
<referedAttribute>4E956C67-B8C6-A868-6B1E-BBB360D38D28</referedAttribute>
<useDomainConstraints>false</useDomainConstraints>
<use>1</use>
<logicalDatatype>LOGDT011</logicalDatatype>
<ownDataTypeParameters>,,</ownDataTypeParameters>
</Attribute>
</attributes>
<identifiers itemClass="oracle.dbtools.crest.model.design.logical.CandidateKey">
<identifier id="F969408E-8C9F-5CD5-7BD7-5B16C4EE1178" name="DETALLE DE ORDEN PK">
<createdBy>lilianatapia</createdBy>
<createdTime>2024-09-01 03:12:58 UTC</createdTime>
<ownerDesignName>Exp2_S5_Grupo16</ownerDesignName>
<shouldEngineer>false</shouldEngineer>
<engineerTo>
<item key="5C1BB603-E660-49D8-0890-9F3C0B9D582A" value="false"/>
</engineerTo>
<pk>true</pk>
<usedAttributes>
<attributeRef>5DC477A3-896D-6FC4-D8C6-23FED23256E3</attributeRef>
</usedAttributes>
</identifier>
</identifiers>
</Entity>